Protein.Group	Protein.Names	Genes	CC mapped	First.Protein.Description	N.Sequences	N.Proteotypic.Sequences	Z:\ms-data\mrc-astral\2026\07_July\20260701\20260701-RN-KB_SHSY_11J_-01.raw	Z:\ms-data\mrc-astral\2026\07_July\20260701\20260701-RN-KB_SHSY_11J_-02.raw	Z:\ms-data\mrc-astral\2026\07_July\20260701\20260701-RN-KB_SHSY_11J_-03.raw	Z:\ms-data\mrc-astral\2026\07_July\20260701\20260701-RN-KB_SHSY_11J_-04.raw	Z:\ms-data\mrc-astral\2026\07_July\20260701\20260701-RN-KB_SHSY_11J_-05.raw	Z:\ms-data\mrc-astral\2026\07_July\20260701\20260701-RN-KB_SHSY_11J_-06.raw	Z:\ms-data\mrc-astral\2026\07_July\20260701\20260701-RN-KB_SHSY_11J_-07.raw	Z:\ms-data\mrc-astral\2026\07_July\20260701\20260701-RN-KB_SHSY_11J_-08.raw	Z:\ms-data\mrc-astral\2026\07_July\20260701\20260701-RN-KB_SHSY_11J_-09.raw	Z:\ms-data\mrc-astral\2026\07_July\20260701\20260701-RN-KB_SHSY_11J_-10.raw	Z:\ms-data\mrc-astral\2026\07_July\20260701\20260701-RN-KB_SHSY_11J_-11.raw	Z:\ms-data\mrc-astral\2026\07_July\20260701\20260701-RN-KB_SHSY_11J_-12.raw	Z:\ms-data\mrc-astral\2026\07_July\20260701\20260701-RN-KB_SHSY_11J_-13.raw	Z:\ms-data\mrc-astral\2026\07_July\20260701\20260701-RN-KB_SHSY_11J_-14.raw	Z:\ms-data\mrc-astral\2026\07_July\20260701\20260701-RN-KB_SHSY_11J_-15.raw	Z:\ms-data\mrc-astral\2026\07_July\20260701\20260701-RN-KB_SHSY_11J_-16.raw	Z:\ms-data\mrc-astral\2026\07_July\20260701\20260701-RN-KB_SHSY_11J_-17.raw	Z:\ms-data\mrc-astral\2026\07_July\20260701\20260701-RN-KB_SHSY_11J_-18.raw	Z:\ms-data\mrc-astral\2026\07_July\20260701\20260701-RN-KB_SHSY_11J_-19.raw	Z:\ms-data\mrc-astral\2026\07_July\20260701\20260701-RN-KB_SHSY_11J_-20.raw	Z:\ms-data\mrc-astral\2026\07_July\20260701\20260701-RN-KB_SHSY_11J_-21.raw	Z:\ms-data\mrc-astral\2026\07_July\20260701\20260701-RN-KB_SHSY_11J_-22.raw	Z:\ms-data\mrc-astral\2026\07_July\20260701\20260701-RN-KB_SHSY_11J_-23.raw	Z:\ms-data\mrc-astral\2026\07_July\20260701\20260701-RN-KB_SHSY_11J_-24.raw
P07237	PDIA1_HUMAN	P4HB		Protein disulfide-isomerase	40	40	5.59E+08	5.13E+08	5.29E+08	5.42E+08	5.31E+08	5.29E+08	5.61E+08	5.07E+08	4.86E+08	5.04E+08	5.15E+08	4.72E+08	5.77E+08	5.24E+08	6.13E+08	5.77E+08	5.48E+08	6.38E+08	6.84E+08	6.02E+08	7.34E+08	6.71E+08	6.54E+08	7.56E+08
P07437	TBB5_HUMAN	TUBB		Tubulin beta chain	19	6	5.62E+09	4.71E+09	5.32E+09	5.60E+09	5.52E+09	5.37E+09	5.45E+09	4.72E+09	4.39E+09	4.92E+09	5.05E+09	4.52E+09	3.71E+09	3.33E+09	3.67E+09	3.73E+09	3.61E+09	4.71E+09	4.66E+09	3.82E+09	4.31E+09	4.45E+09	4.59E+09	4.97E+09
P81877;P81877-4;P81877-5	SSBP2_HUMAN	SSBP2		Single-stranded DNA-binding protein 2	3	3	4.81E+06	4.88E+06	5.57E+06	5.76E+06	4.83E+06	4.88E+06	5.39E+06	4.73E+06	4.78E+06	5.06E+06	4.89E+06	4.54E+06	3.70E+06	3.52E+06	3.58E+06	3.65E+06	3.89E+06	5.32E+06	4.87E+06	3.88E+06	5.06E+06	4.05E+06	4.44E+06	4.20E+06
Q8NCB2-2	CAMKV_HUMAN	CAMKV		Isoform 2 of CaM kinase-like vesicle-associated protein	1	1	3.02E+06	3.96E+06	3.34E+06	3.17E+06	4.40E+06	3.78E+06	3.47E+06	3.21E+06	2.81E+06	2.86E+06	2.69E+06	3.07E+06	2.80E+06	2.86E+06	3.54E+06	3.45E+06	3.20E+06	4.35E+06	3.65E+06	3.46E+06	4.03E+06	4.40E+06	3.89E+06	3.47E+06
Q4W5G0	TIGD2_HUMAN	TIGD2		Tigger transposable element-derived protein 2	4	4	115307	255694	268161		210704		191993	143714	225597	160181	201250	254356	338210	297660	228484	462820	166300	208588	437516	219101	267775	298664	334141	337721
Q8NHM5	KDM2B_HUMAN	KDM2B	KDM2B	Lysine-specific demethylase 2B	17	17	2.38E+07	2.48E+07	1.96E+07	1.69E+07	2.21E+07	1.89E+07	2.09E+07	2.03E+07	1.95E+07	1.81E+07	1.93E+07	1.79E+07	2.27E+07	1.89E+07	1.80E+07	2.64E+07	2.35E+07	3.14E+07	2.26E+07	1.88E+07	3.00E+07	2.17E+07	2.49E+07	2.60E+07
Q8WUZ0-2	BCL7C_HUMAN	BCL7C		Isoform 2 of B-cell CLL/lymphoma 7 protein family member C	11	10	5.63E+06	5.01E+06	4.95E+06	4.96E+06	5.00E+06	4.66E+06	4.87E+06	4.60E+06	4.12E+06	4.82E+06	4.72E+06	4.38E+06	5.25E+06	4.64E+06	5.09E+06	4.76E+06	4.63E+06	6.37E+06	6.02E+06	4.48E+06	6.06E+06	5.57E+06	5.44E+06	6.52E+06
O43526-4	KCNQ2_HUMAN	KCNQ2	KCNQ2	Isoform 4 of Potassium voltage-gated channel subfamily KQT member 2	1	1	56774.9		27746	45924.6	40009.8	40931.9		33879.9			60854.4	35894.7												
Q9NZU5	LMCD1_HUMAN	LMCD1	LMCD1	LIM and cysteine-rich domains protein 1	20	20	7.59E+06	8.02E+06	7.67E+06	8.46E+06	8.08E+06	7.71E+06	8.28E+06	7.14E+06	7.12E+06	8.98E+06	8.21E+06	8.25E+06	4.12E+06	3.48E+06	3.97E+06	4.01E+06	3.45E+06	4.50E+06	4.58E+06	3.99E+06	4.53E+06	4.38E+06	4.51E+06	4.70E+06
P24158	PRTN3_HUMAN	PRTN3		Myeloblastin	2	2																	6.84E+06							
Q96QZ7-2;Q96QZ7-6	MAGI1_HUMAN	MAGI1	MAGI1	"Isoform 2 of Membrane-associated guanylate kinase, WW and PDZ domain-containing protein 1"	33	33	1.81E+07	1.63E+07	1.55E+07	1.63E+07	1.71E+07	1.68E+07	1.84E+07	1.64E+07	1.50E+07	1.67E+07	1.67E+07	1.74E+07	1.41E+07	1.26E+07	1.53E+07	1.41E+07	1.26E+07	1.52E+07	1.67E+07	1.31E+07	1.76E+07	1.46E+07	1.54E+07	1.64E+07
O75093	SLIT1_HUMAN	SLIT1		Slit homolog 1 protein	5	5	1.29E+06		1.26E+06	1.25E+06	851827					1.06E+06	1.54E+06	1.37E+06	2.15E+06	1.30E+06	2.05E+06	1.31E+06		1.04E+06	843416		1.74E+06		2.02E+06	1.83E+06
Q9NR46-2	SHLB2_HUMAN	SH3GLB2	SH3GLB2	Isoform 2 of Endophilin-B2	1	1	2.10E+06	1.41E+06	2.46E+06	3.01E+06	2.59E+06	3.08E+06	3.24E+06	2.03E+06	1.93E+06	3.08E+06	2.25E+06	2.25E+06	1.96E+06	2.49E+06	2.18E+06	2.83E+06	1.88E+06	2.44E+06	2.66E+06	2.12E+06	2.78E+06	2.74E+06	3.07E+06	2.57E+06
O15344	TRI18_HUMAN	MID1		E3 ubiquitin-protein ligase Midline-1	13	12	4.06E+06	3.67E+06	4.38E+06	4.12E+06	4.59E+06	5.03E+06	4.93E+06	4.06E+06	3.94E+06	4.85E+06	4.69E+06	4.18E+06	1.68E+06	2.23E+06	2.12E+06	2.32E+06	2.27E+06	2.42E+06	2.49E+06	2.30E+06	2.85E+06	2.23E+06	2.84E+06	2.07E+06
Q15181	IPYR_HUMAN	PPA1		Inorganic pyrophosphatase	23	23	1.14E+08	1.06E+08	1.11E+08	1.15E+08	1.14E+08	1.11E+08	1.16E+08	1.02E+08	9.82E+07	1.07E+08	1.08E+08	9.88E+07	1.14E+08	1.02E+08	1.13E+08	1.10E+08	1.08E+08	1.34E+08	1.33E+08	1.08E+08	1.41E+08	1.26E+08	1.25E+08	1.33E+08
P31937	3HIDH_HUMAN	HIBADH		"3-hydroxyisobutyrate dehydrogenase, mitochondrial"	9	9	1.01E+08	9.17E+07	1.00E+08	9.83E+07	9.77E+07	9.76E+07	9.61E+07	8.69E+07	8.27E+07	8.49E+07	8.50E+07	7.68E+07	1.03E+08	1.00E+08	1.09E+08	1.05E+08	1.00E+08	1.28E+08	1.36E+08	1.18E+08	1.44E+08	1.27E+08	1.27E+08	1.39E+08
O00505	IMA4_HUMAN	KPNA3		Importin subunit alpha-4	20	13	5.24E+07	4.90E+07	5.20E+07	5.64E+07	5.51E+07	5.38E+07	5.73E+07	5.13E+07	4.57E+07	5.38E+07	5.07E+07	4.90E+07	4.64E+07	4.13E+07	4.89E+07	4.74E+07	4.31E+07	5.58E+07	5.91E+07	4.97E+07	5.88E+07	5.50E+07	5.69E+07	5.93E+07
Q9P1Z3	HCN3_HUMAN	HCN3	HCN3	Potassium/sodium hyperpolarization-activated cyclic nucleotide-gated channel 3	11	10	808862	657082	711949	764477	689761	805083	804961	674468	855907	923127	935582	676874	670477	538194	553887	632817	538656	466552	728585	862860	635195	715706	683924	1.00E+06
Q9Y3Y2;Q9Y3Y2-3;Q9Y3Y2-4	CHTOP_HUMAN	CHTOP		Chromatin target of PRMT1 protein	8	8	6.64E+07	6.19E+07	6.43E+07	6.42E+07	6.35E+07	6.27E+07	6.44E+07	5.81E+07	5.47E+07	6.22E+07	6.02E+07	5.61E+07	6.29E+07	6.69E+07	6.86E+07	6.97E+07	6.10E+07	8.20E+07	7.60E+07	6.43E+07	8.72E+07	7.32E+07	7.20E+07	8.28E+07
Q02156	KPCE_HUMAN	PRKCE		Protein kinase C epsilon type	36	33	9.53E+06	9.42E+06	1.01E+07	1.07E+07	1.11E+07	1.10E+07	1.03E+07	8.96E+06	9.87E+06	9.70E+06	8.84E+06	8.62E+06	1.08E+07	9.70E+06	1.11E+07	1.11E+07	1.02E+07	1.27E+07	1.21E+07	9.83E+06	1.31E+07	1.18E+07	1.29E+07	1.26E+07
Q9BV81	EMC6_HUMAN	EMC6		ER membrane protein complex subunit 6	3	3	4.97E+07	3.84E+07	5.40E+07	6.75E+07	6.46E+07	5.79E+07	5.28E+07	4.79E+07	4.31E+07	4.32E+07	5.09E+07	4.11E+07	4.69E+07	4.99E+07	4.85E+07	4.69E+07	5.06E+07	7.76E+07	9.10E+07	7.32E+07	6.93E+07	6.57E+07	7.11E+07	6.85E+07
Q2M2I8	AAK1_HUMAN	AAK1	AAK1	AP2-associated protein kinase 1	35	32	1.39E+07	1.21E+07	1.38E+07	1.47E+07	1.45E+07	1.47E+07	1.57E+07	1.26E+07	1.18E+07	1.40E+07	1.30E+07	1.24E+07	1.31E+07	1.11E+07	1.37E+07	1.29E+07	1.23E+07	1.50E+07	1.70E+07	1.42E+07	1.81E+07	1.65E+07	1.66E+07	1.71E+07
Q15651	HMGN3_HUMAN	HMGN3		High mobility group nucleosome-binding domain-containing protein 3	6	5	2.75E+08	2.53E+08	2.54E+08	2.59E+08	2.56E+08	2.44E+08	2.38E+08	2.32E+08	2.49E+08	2.53E+08	2.27E+08	2.59E+08	3.79E+08	3.53E+08	3.80E+08	3.34E+08	2.81E+08	3.71E+08	3.83E+08	3.13E+08	3.95E+08	3.31E+08	3.17E+08	3.77E+08
Q8WYA6	CTBL1_HUMAN	CTNNBL1		Beta-catenin-like protein 1	27	27	3.40E+07	2.94E+07	3.01E+07	3.24E+07	3.22E+07	3.27E+07	3.29E+07	2.85E+07	2.70E+07	3.09E+07	3.00E+07	2.74E+07	3.65E+07	3.46E+07	3.88E+07	3.83E+07	3.58E+07	4.41E+07	4.46E+07	3.64E+07	4.80E+07	4.21E+07	4.20E+07	4.47E+07
Q6ICH7	ASPH2_HUMAN	ASPHD2		Aspartate beta-hydroxylase domain-containing protein 2	6	6	1.35E+06	1.00E+06	987780	1.09E+06	1.07E+06	838038	978970	938022	861197	914117	820332		878475	902021	882284	1.17E+06	1.04E+06	1.11E+06	1.13E+06	701505	917162	1.01E+06	880499	1.06E+06
Q9NXR5	ANR10_HUMAN	ANKRD10		Ankyrin repeat domain-containing protein 10	4	4	2.77E+06	1.57E+06	2.78E+06	3.55E+06	2.75E+06	2.74E+06		3.49E+06	4.50E+06	5.39E+06	5.48E+06	2.65E+06		2.39E+06	2.34E+06		3.15E+06	6.30E+06	5.67E+06	5.70E+06	3.61E+06	6.56E+06	3.46E+06	4.16E+06
Q9UQR1	ZN148_HUMAN	ZNF148	ZNF148	Zinc finger protein 148	18	18	1.89E+06	1.74E+06	1.48E+06	1.78E+06	1.65E+06	1.53E+06	1.95E+06	1.82E+06	1.77E+06	1.73E+06	1.53E+06	1.61E+06	2.45E+06	2.07E+06	2.16E+06	2.22E+06	1.81E+06	1.98E+06	2.03E+06	1.95E+06	2.60E+06	1.91E+06	2.28E+06	2.70E+06
Q8WVC6	DCAKD_HUMAN	DCAKD	DCAKD	Dephospho-CoA kinase domain-containing protein	16	16	3.61E+07	3.18E+07	3.59E+07	3.69E+07	3.66E+07	3.62E+07	3.71E+07	3.36E+07	3.12E+07	3.61E+07	3.63E+07	3.23E+07	4.15E+07	3.68E+07	4.22E+07	4.20E+07	3.95E+07	5.00E+07	5.36E+07	4.53E+07	5.41E+07	4.95E+07	5.10E+07	5.29E+07
Q8N0S6	CENPL_HUMAN	CENPL		Centromere protein L	2	2		364774					160917			362725					395035					162008		391240	361523	
Q5HYK3	COQ5_HUMAN	COQ5		"2-methoxy-6-polyprenyl-1,4-benzoquinol methylase, mitochondrial"	16	16	3.34E+06	2.95E+06	3.07E+06	3.04E+06	3.21E+06	2.99E+06	3.62E+06	3.05E+06	2.93E+06	3.08E+06	2.91E+06	2.68E+06	4.23E+06	4.18E+06	4.83E+06	4.59E+06	4.47E+06	5.80E+06	5.83E+06	5.76E+06	6.89E+06	5.95E+06	6.09E+06	6.18E+06
Q01085	TIAR_HUMAN	TIAL1		Nucleolysin TIAR	1	1	834882		1.11E+06	1.30E+06	1.61E+06	1.45E+06	1.79E+06	949406	835146	1.02E+06	891442	764889	1.18E+06	1.14E+06	1.17E+06	852756	598594	1.57E+06	2.29E+06	1.33E+06	2.47E+06	2.09E+06	1.95E+06	1.87E+06
P15923-2	TFE2_HUMAN	TCF3	TCF3	Isoform E47 of Transcription factor E2-alpha	15	15	1.92E+07	1.55E+07	1.37E+07	1.70E+07	1.46E+07	1.65E+07	1.68E+07	1.32E+07	1.30E+07	1.81E+07	1.79E+07	1.43E+07	1.14E+07	1.18E+07	1.29E+07	1.30E+07	1.31E+07	1.64E+07	1.25E+07	9.86E+06	1.40E+07	1.12E+07	1.28E+07	1.40E+07
Q15198	PGFRL_HUMAN	PDGFRL		Platelet-derived growth factor receptor-like protein	2	2																14722.2			13827.1				24125.3	
Q8IWQ3	BRSK2_HUMAN	BRSK2	BRSK2	Serine/threonine-protein kinase BRSK2	24	24	9.63E+06	1.18E+07	9.20E+06	9.99E+06	1.04E+07	1.02E+07	1.16E+07	9.45E+06	9.06E+06	9.53E+06	9.77E+06	8.22E+06	7.94E+06	6.96E+06	9.06E+06	7.84E+06	8.31E+06	9.09E+06	1.00E+07	8.06E+06	9.60E+06	9.61E+06	9.26E+06	1.04E+07
Q92615	LAR4B_HUMAN	LARP4B		La-related protein 4B	26	25	7.62E+06	6.92E+06	7.38E+06	8.00E+06	7.57E+06	8.37E+06	8.36E+06	7.40E+06	7.28E+06	8.03E+06	7.90E+06	7.61E+06	9.48E+06	8.15E+06	9.94E+06	9.98E+06	8.46E+06	1.10E+07	1.18E+07	1.01E+07	1.24E+07	1.10E+07	1.15E+07	1.20E+07
Q8NDI1	EHBP1_HUMAN	EHBP1	EHBP1	EH domain-binding protein 1	39	39	1.58E+07	1.55E+07	1.45E+07	1.63E+07	1.60E+07	1.57E+07	1.65E+07	1.41E+07	1.39E+07	1.56E+07	1.54E+07	1.48E+07	1.58E+07	1.29E+07	1.51E+07	1.61E+07	1.47E+07	1.61E+07	1.83E+07	1.56E+07	1.90E+07	1.77E+07	1.81E+07	2.02E+07
P52630;P52630-4	STAT2_HUMAN	STAT2	STAT2	Signal transducer and activator of transcription 2	32	32	1.19E+07	1.05E+07	1.13E+07	1.20E+07	1.22E+07	1.14E+07	9.29E+06	7.91E+06	8.55E+06	9.62E+06	9.38E+06	8.44E+06	1.14E+07	9.66E+06	1.21E+07	1.20E+07	1.05E+07	1.33E+07	1.01E+07	8.21E+06	1.09E+07	9.34E+06	1.03E+07	1.05E+07
Q6PJF5-2	RHDF2_HUMAN	RHBDF2		Isoform 2 of Inactive rhomboid protein 2	7	7	769813	580715	660558	809211	621634			687902				570945	895242	679918	813511	742426	717836	1.00E+06	764681	599730	817382	844085	808671	876373
P36383	CXG1_HUMAN	GJC1		Gap junction gamma-1 protein	3	3	194090	179168	158364	161292	156067	146456	170883	107107	164256	156872	217385	219834	228799	272671	318099	179658	145749	289641	263465	250912	271890	290984	309754	293172
Q92611	EDEM1_HUMAN	EDEM1		ER degradation-enhancing alpha-mannosidase-like protein 1	3	3				124089								166287			178685		82396.7		200516		98558.2	280885		127379
