File.Name	Precursors.Identified	Proteins.Identified	Total.Quantity	MS1.Signal	MS2.Signal	FWHM.Scans	FWHM.RT	Median.Mass.Acc.MS1	Median.Mass.Acc.MS1.Corrected	Median.Mass.Acc.MS2	Median.Mass.Acc.MS2.Corrected	Normalisation.Instability	Median.RT.Prediction.Acc	Average.Peptide.Length	Average.Peptide.Charge	Average.Missed.Tryptic.Cleavages
Z:\ms-data\mrc-astral\2026\07_July\20260701\20260701-RN-KB_SHSY_11J_-01.raw	159890	9146	5.29294e+10	9010090961087	679472752673	3.296	0.09	0.50459	0.433636	2.0897	1.24175	0.0772152	0.269608	12.971	2.421	0.219
Z:\ms-data\mrc-astral\2026\07_July\20260701\20260701-RN-KB_SHSY_11J_-02.raw	162983	9079	5.23375e+10	9061428253362	692701971778	3.247	0.089	0.47698	0.444015	1.81465	1.32784	0.114614	0.288049	13.06	2.445	0.258
Z:\ms-data\mrc-astral\2026\07_July\20260701\20260701-RN-KB_SHSY_11J_-03.raw	160520	9104	5.07681e+10	8584408540745	652056733380	3.427	0.094	0.524393	0.457169	1.63499	1.32228	0.0798299	0.30078	13.02	2.428	0.215
Z:\ms-data\mrc-astral\2026\07_July\20260701\20260701-RN-KB_SHSY_11J_-04.raw	163013	9155	5.30397e+10	9083590299489	669880459437	3.449	0.095	0.50138	0.443794	2.03911	1.34482	0.0938843	0.320672	13.02	2.425	0.207
Z:\ms-data\mrc-astral\2026\07_July\20260701\20260701-RN-KB_SHSY_11J_-05.raw	164191	9152	5.22107e+10	9005598893852	660723105299	3.444	0.095	0.483513	0.46658	1.88182	1.30486	0.113734	0.291636	13.024	2.43	0.22
Z:\ms-data\mrc-astral\2026\07_July\20260701\20260701-RN-KB_SHSY_11J_-06.raw	162490	9162	5.22173e+10	9000801563255	656435075883	3.367	0.092	0.512613	0.437557	2.29008	1.31753	0.110679	0.313104	13.01	2.422	0.2
Z:\ms-data\mrc-astral\2026\07_July\20260701\20260701-RN-KB_SHSY_11J_-07.raw	163237	9165	5.34744e+10	9492213145932	687125277727	3.469	0.095	0.521788	0.4629	2.17172	1.30892	0.112185	0.292828	13.073	2.432	0.212
Z:\ms-data\mrc-astral\2026\07_July\20260701\20260701-RN-KB_SHSY_11J_-08.raw	165329	9224	5.02084e+10	8953001837497	633274022061	3.118	0.086	0.518734	0.42456	2.11578	1.36997	0.144639	0.311766	13.027	2.431	0.228
Z:\ms-data\mrc-astral\2026\07_July\20260701\20260701-RN-KB_SHSY_11J_-09.raw	162301	9068	4.96247e+10	8998803608425	640464531775	3.409	0.094	0.491337	0.431023	2.22577	1.28112	0.116013	0.301116	13.07	2.444	0.24
Z:\ms-data\mrc-astral\2026\07_July\20260701\20260701-RN-KB_SHSY_11J_-10.raw	168547	9279	5.42932e+10	9762676292119	669332126333	3.335	0.092	0.521735	0.466313	2.15962	1.28454	0.159846	0.274222	13.032	2.426	0.209
Z:\ms-data\mrc-astral\2026\07_July\20260701\20260701-RN-KB_SHSY_11J_-11.raw	161356	9198	4.93564e+10	8872317422816	628912618419	3.494	0.096	0.571898	0.499675	2.12781	1.45643	0.0937176	0.289794	13.012	2.427	0.206
Z:\ms-data\mrc-astral\2026\07_July\20260701\20260701-RN-KB_SHSY_11J_-12.raw	159977	9107	4.93827e+10	9266131293037	654188622023	3.403	0.093	0.545989	0.463575	2.10757	1.32539	0.120151	0.272106	13.027	2.429	0.214
Z:\ms-data\mrc-astral\2026\07_July\20260701\20260701-RN-KB_SHSY_11J_-13.raw	156749	9049	4.89639e+10	8717985749482	654549421368	3.511	0.096	0.543714	0.461968	2.06116	1.38861	0.118768	0.294128	12.98	2.416	0.197
Z:\ms-data\mrc-astral\2026\07_July\20260701\20260701-RN-KB_SHSY_11J_-14.raw	152370	9004	4.46641e+10	8015232323411	597166492032	3.46	0.095	0.497567	0.446997	2.0818	1.25895	0.0823595	0.300464	12.995	2.422	0.197
Z:\ms-data\mrc-astral\2026\07_July\20260701\20260701-RN-KB_SHSY_11J_-15.raw	155110	9126	5.06316e+10	9234099885516	692564722944	3.645	0.1	0.549009	0.446873	2.31274	1.40999	0.109706	0.281697	12.956	2.409	0.191
Z:\ms-data\mrc-astral\2026\07_July\20260701\20260701-RN-KB_SHSY_11J_-16.raw	158846	9135	5.00059e+10	9113133190794	659343333238	3.567	0.098	0.540023	0.450965	1.92224	1.29396	0.126678	0.278494	12.96	2.412	0.19
Z:\ms-data\mrc-astral\2026\07_July\20260701\20260701-RN-KB_SHSY_11J_-17.raw	158811	9144	4.6601e+10	8520018833689	609603904425	3.461	0.095	0.527626	0.439115	1.99904	1.25414	0.131481	0.269928	13	2.423	0.203
Z:\ms-data\mrc-astral\2026\07_July\20260701\20260701-RN-KB_SHSY_11J_-18.raw	158479	9227	6.41335e+10	8996015659161	762004163106	3.803	0.104	0.487284	0.417997	1.91744	1.24127	0.106375	0.30749	12.965	2.404	0.182
Z:\ms-data\mrc-astral\2026\07_July\20260701\20260701-RN-KB_SHSY_11J_-19.raw	157182	9292	6.49518e+10	9166801298452	802779242921	3.812	0.105	0.495977	0.437457	2.02309	1.29482	0.107911	0.289327	12.976	2.406	0.174
Z:\ms-data\mrc-astral\2026\07_July\20260701\20260701-RN-KB_SHSY_11J_-20.raw	152232	9093	5.59109e+10	7751951130049	692127776572	3.77	0.104	0.520547	0.447266	1.93805	1.34343	0.105348	0.312023	12.943	2.407	0.17
Z:\ms-data\mrc-astral\2026\07_July\20260701\20260701-RN-KB_SHSY_11J_-21.raw	155822	9197	6.85913e+10	9948794200954	866302732945	4.046	0.111	0.515229	0.458569	1.97119	1.27053	0.132883	0.288442	12.982	2.402	0.173
Z:\ms-data\mrc-astral\2026\07_July\20260701\20260701-RN-KB_SHSY_11J_-22.raw	157044	9198	5.81137e+10	8729871814994	762449950819	3.642	0.1	0.473248	0.416786	2.01916	1.24016	0.112743	0.278163	12.968	2.405	0.172
Z:\ms-data\mrc-astral\2026\07_July\20260701\20260701-RN-KB_SHSY_11J_-23.raw	160641	9214	5.86815e+10	8817468929998	750224721802	3.729	0.102	0.466653	0.437046	1.87513	1.30795	0.127873	0.341135	12.999	2.412	0.177
Z:\ms-data\mrc-astral\2026\07_July\20260701\20260701-RN-KB_SHSY_11J_-24.raw	162148	9243	6.67175e+10	9835567382570	811946146284	3.73	0.102	0.506318	0.431956	1.8947	1.36246	0.131334	0.313688	13.025	2.416	0.196
